name,brand,kcal_per_mL,protein_per_mL,fat_per_mL,carbohydrate_per_mL,fibre_per_mL,sodium_per_mL,potassium_per_mL,calcium_per_mL,iron_per_mL,magnesium_per_mL,phosphorus_per_mL,free_water_per_mL,vitamin_a_rae_ug_per_mL,retinol_ug_per_mL,beta_carotene_ug_per_mL,vitamin_d_ug_per_mL,vitamin_e_mg_per_mL,vitamin_c_mg_per_mL,thiamine_mg_per_mL,riboflavin_mg_per_mL,vitamin_b6_mg_per_mL,pantothenic_acid_mg_per_mL,niacin_preformed_mg_per_mL,zinc_mg_per_mL,copper_mg_per_mL,manganese_mg_per_mL,folate_dfe_ug_per_mL,vitamin_b12_ug_per_mL,selenium_ug_per_mL,source,verified
Isosource Fibre 1.5,Nestlé Health Science,1.5,0.070,0.06,0.18,0.015,1.3,2.4,1.2,0.018,0.42,1.2,0.766,1.5,0.75,1.5,0.0165,0.0198,0.3,0.0028,0.00332,0.0048,0.0188,0.0216,0.02,0.002,0.004,0.938,0.0072,0.072,2026_nestle-product-guide.pdf p.25,2026-07-19
Isosource Fibre 1.2,Nestlé Health Science,1.2,0.054,0.04,0.164,0.015,1.12,1.92,0.96,0.014,0.336,0.96,0.805,1.28,0.64,1.28,0.012,0.0162,0.24,0.002,0.0024,0.0032,0.0128,0.016,0.016,0.0016,0.00372,0.68,0.0056,0.064,2026_nestle-product-guide.pdf p.23,2026-07-19
Isosource Fibre 1.0 HP,Nestlé Health Science,1.0,0.064,0.034,0.124,0.015,0.88,1.6,0.8,0.016,0.28,0.8,0.840,1.04,0.522,1.04,0.01,0.0135,0.2,0.0016,0.002,0.0028,0.012,0.012,0.016,0.0016,0.0036,0.578,0.0048,0.06,2026_nestle-product-guide.pdf p.21,2026-07-19
Nepro,Abbott Nutrition,1.8,0.081,0.097,0.16,0.025,1.055,0.949,1.055,0.014,0.169,0.717,0.727,0.759,0.759,,0.016,0.0308,0.095,0.0025,0.0021,0.0093,0.0095,0.034,0.013,0.0018,0.0025,1.29,0.0051,0.058,2024_abbott-adult-product-guide.pdf p.22,2026-07-19
Peptamen AF 1.2,Nestlé Health Science,1.2,0.076,0.054,0.112,0.005,0.72,1.8,0.8,0.02,0.34,0.8,0.810,1.56,0.96,1.2,0.016,0.0216,0.14,0.0024,0.0024,0.0028,0.006,0.0264,0.0176,0.0024,0.0032,0.408,0.012,0.08,2026_nestle-product-guide.pdf p.32,2026-07-19
Peptamen Intense 1.0 HP,Nestlé Health Science,1.0,0.092,0.038,0.076,0.004,0.7,1.5,0.68,0.016,0.3,0.68,0.840,1.29,0.798,0.984,0.0132,0.0162,0.12,0.002,0.002,0.0024,0.0048,0.022,0.01,0.002,0.0028,0.34,0.008,0.08,2026_nestle-product-guide.pdf p.35,2026-07-19
Resource 2.0,Nestlé Health Science,2.0,0.084,0.09,0.22,,0.72,1.77,1.05,0.019,0.44,1.05,0.690,1.27,1.27,,0.0211,0.0418,0.38,0.00127,0.00169,0.0019,0.00549,0.0169,0.016,0.00211,0.00253,0.43,0.00316,0.0591,2026_nestle-product-guide.pdf p.37,2026-07-19
Peptamen 1.5,Nestlé Health Science,1.5,0.068,0.056,0.188,,0.9,2.1,1.0,0.024,0.42,1.0,0.770,1.95,1.2,1.5,0.02,0.0203,0.18,0.0028,0.0032,0.0036,0.0072,0.0332,0.022,0.0032,0.0044,0.544,0.012,0.1,2026_nestle-product-guide.pdf p.33,2026-07-19
Compleat 1.06,Nestlé Health Science,1.06,0.048,0.04,0.13,0.008,1.0,1.56,0.88,0.013,0.3,0.84,0.830,1.08,0.6,0.96,0.014,0.0144,0.24,0.0016,0.002,0.0028,0.012,0.0144,0.02,0.0016,0.0032,0.34,0.008,0.06,2026_nestle-product-guide.pdf p.18,2026-07-19
Compleat 1.5,Nestlé Health Science,1.5,0.072,0.072,0.15,0.012,1.32,2.4,1.2,0.018,0.42,1.2,0.760,1.8,0.92,1.76,0.02,0.0108,0.3,0.0032,0.0032,0.004,0.016,0.02,0.02,0.002,0.004,0.816,0.0072,0.064,2026_nestle-product-guide.pdf p.19,2026-07-19
Compleat Organic Blends 1.25,Nestlé Health Science,1.25,0.063,0.05,0.137,0.02,1.27,1.67,1.1,0.017,0.37,1.1,0.810,1.27,0.4,10.4,0.0167,0.009,0.167,0.002,0.00167,0.00333,0.00667,0.0167,0.0167,0.00167,0.00333,0.34,0.00667,0.0667,2026_nestle-product-guide.pdf p.20,2026-07-19
Isosource 1.2,Nestlé Health Science,1.2,0.054,0.04,0.156,,1.12,1.92,0.96,0.014,0.34,0.96,0.810,1.27,0.636,1.27,0.013,0.0162,0.24,0.00252,0.0024,0.0032,0.014,0.016,0.016,0.0016,0.0036,0.68,0.006,0.064,2026_nestle-product-guide.pdf p.22,2026-07-19
Isosource 1.5,Nestlé Health Science,1.5,0.068,0.06,0.176,,1.3,2.4,1.2,0.018,0.42,1.2,0.765,1.56,0.78,1.56,0.016,0.0216,0.3,0.0032,0.0032,0.004,0.016,0.02,0.02,0.002,0.0048,0.816,0.0072,0.08,2026_nestle-product-guide.pdf p.24,2026-07-19
Isosource 2.0,Nestlé Health Science,2.0,0.084,0.092,0.216,,1.5,2.1,1.6,0.024,0.56,1.48,0.690,2.08,1.04,2.08,0.02,0.027,0.4,0.0032,0.004,0.0052,0.02,0.024,0.024,0.0024,0.006,1.09,0.009,0.1,2026_nestle-product-guide.pdf p.26,2026-07-19
NovaSource Renal,Nestlé Health Science,2.0,0.092,0.1,0.182,,0.93,0.97,0.84,0.018,0.21,0.84,0.710,0.991,0.465,1.05,0.0105,0.019,0.0928,0.00135,0.0038,0.00844,0.0105,0.0203,0.0219,0.00211,0.00422,1.72,0.00633,0.11,2026_nestle-product-guide.pdf p.28,2026-07-19
Peptamen 1.0,Nestlé Health Science,1.0,0.040,0.04,0.128,,0.48,1.6,0.8,0.016,0.3,0.7,0.850,1.29,0.792,0.996,0.0133,0.0135,0.12,0.002,0.002,0.0024,0.0048,0.022,0.014,0.002,0.0028,0.34,0.008,0.08,2026_nestle-product-guide.pdf p.30,2026-07-19
Peptamen 1.0 with Prebio1,Nestlé Health Science,1.0,0.040,0.04,0.128,0.004,0.48,1.6,0.8,0.016,0.3,0.7,0.850,1.29,0.792,0.996,0.0133,0.0135,0.12,0.002,0.002,0.0024,0.0048,0.022,0.014,0.002,0.0028,0.34,0.008,0.08,2026_nestle-product-guide.pdf p.31,2026-07-19
Peptamen 1.5 with Prebio1,Nestlé Health Science,1.5,0.068,0.056,0.19,0.006,0.88,2.08,1.0,0.024,0.42,1.0,0.770,1.95,1.2,1.5,0.02,0.0203,0.18,0.0032,0.0032,0.0036,0.0076,0.0332,0.022,0.0032,0.0044,0.544,0.012,0.1,2026_nestle-product-guide.pdf p.34,2026-07-19
Resource Diabetic 1.05,Nestlé Health Science,1.05,0.064,0.048,0.096,0.012,0.96,1.4,0.93,0.011,0.21,0.93,0.842,1.08,0.54,1.08,0.0053,0.0135,0.2,0.0016,0.0018,0.0032,0.0112,0.0212,0.012,0.0012,0.00272,0.714,0.0072,0.052,2026_nestle-product-guide.pdf p.36,2026-07-19
Tolerex,Nestlé Health Science,1.0,0.021,0.002,0.227,,0.507,1.167,0.557,0.01,0.222,0.557,0.840,0.833,0.833,,0.0112,0.0075,0.0667,0.000833,0.000933,0.0011,0.00557,0.0111,0.00833,0.0011,0.0011,0.38,0.00333,0.04,2026_nestle-product-guide.pdf p.40,2026-07-19
Vivonex Plus,Nestlé Health Science,1.0,0.040,0.007,0.19,,0.667,0.98,0.557,0.01,0.222,0.557,0.850,0.604,0.604,,0.00556,0.00975,0.0667,0.00133,0.0019,0.00223,0.0111,0.0222,0.0123,0.001,0.0011,0.737,0.00667,0.04,2026_nestle-product-guide.pdf p.41,2026-07-19
Vivonex T.E.N.,Nestlé Health Science,1.0,0.038,0.003,0.206,,0.617,0.937,0.5,0.009,0.2,0.5,0.833,0.76,0.76,,0.0101,0.00675,0.06,0.0015,0.0017,0.002,0.01,0.02,0.0113,0.001,0.001,0.68,0.006,0.0367,2026_nestle-product-guide.pdf p.42,2026-07-19
Glucerna 1.2 Cal,Abbott Nutrition,1.2,0.059,0.059,0.114,0.016,1.139,1.603,0.802,0.015,0.338,0.802,0.805,0.759,,0.8,0.016,0.0401,0.26,0.00253,0.00253,0.00295,0.0084,0.0127,0.0089,0.00131,0.00253,0.535,0.0093,0.055,2024_abbott-adult-product-guide.pdf p.17,2026-07-19
Jevity 1.0 Cal,Abbott Nutrition,1.06,0.044,0.036,0.15,0.014,0.74,1.24,0.91,0.014,0.3,0.76,0.831,1.14,1.14,,0.00777,0.0153,0.23,0.0017,0.00191,0.0023,0.0115,0.023,0.017,0.00149,0.00379,0.796,0.00723,0.0553,2024_abbott-adult-product-guide.pdf p.18,2026-07-19
Jevity 1.2 Cal,Abbott Nutrition,1.2,0.056,0.039,0.17,0.017,1.07,2.39,1.2,0.014,0.37,1.2,0.81,0.72,0.07,1.3,0.016,0.0378,0.25,0.0017,0.0025,0.0014,0.004,0.0083,0.011,0.0017,0.0034,0.323,0.0096,0.058,"Jevity_1.2_Cal__Product_Information_Sheet_English_FINAL_JB.pdf p.2 (Per 100 mL column), Oct 2025",2026-08-27
Jevity 1.5 Cal,Abbott Nutrition,1.5,0.064,0.05,0.22,0.021,1.33,2.18,1.3,0.018,0.42,1.25,0.76,0.9,0.9,,0.02,0.054,0.3,0.0019,0.0032,0.0023,0.0079,0.01,0.013,0.0022,0.0043,0.408,0.012,0.074,"Jevity 1.5 Cal__Product Information Sheet_English_Oct 30 2025 FINAL JB.pdf p.2 (Per 100 mL column), Oct 2025",2026-08-27
Osmolite 1.2 Cal,Abbott Nutrition,1.2,0.056,0.039,0.16,,1.07,2.27,1.2,0.014,0.37,1.2,0.82,0.72,0.07,1.3,0.016,0.04005,0.25,0.0017,0.0025,0.0014,0.004,0.0083,0.011,0.0017,0.0034,0.323,0.0096,0.058,"Osmolite 1.2 Cal_Product Information Sheet_English_Oct 30 2025.pdf p.2 (Per 100 mL column), Oct 2025",2026-08-27
Pivot 1.5 Cal,Abbott Nutrition,1.5,0.093,0.022,0.072,0.003,1.477,1.983,1.013,0.024,0.422,0.97,0.750,1.8,,2.39,0.0278,0.0268,0.304,0.002,0.0021,0.0023,0.0089,0.02,0.031,0.002,0.005,0.629,0.005,0.08,2024_abbott-adult-product-guide.pdf p.24,2026-07-19
Promote,Abbott Nutrition,1.0,0.063,0.026,0.13,,1.0,1.98,1.2,0.018,0.4,1.2,0.837,1.05,1.05,,0.01,0.023,0.34,0.0023,0.0026,0.00302,0.0149,0.0302,0.0238,0.002,0.00511,1.01,0.00894,0.0681,2024_abbott-adult-product-guide.pdf p.25,2026-07-19
Suplena,Abbott Nutrition,1.8,0.045,0.096,0.2,0.013,0.8,1.14,1.05,0.019,0.21,0.72,0.738,0.95,0.95,,0.00213,0.0656,0.106,0.00238,0.00272,0.00851,0.0162,0.0315,0.0272,0.00213,0.00213,1.81,0.00979,0.0766,2024_abbott-adult-product-guide.pdf p.26,2026-07-19
TwoCal HN,Abbott Nutrition,2.0,0.084,0.091,0.22,0.005,0.84,2.11,1.37,0.025,0.41,1.32,0.7,1.581,1.581,,0.024,0.03375,0.32,0.0025,0.0027,0.0036,0.017,0.034,0.024,0.0021,0.0055,1.173,0.01,0.076,"TwoCal_HN_Product_Information_Sheet_English.pdf p.2 (Per 100 mL column), Sep 2025",2026-08-27
Vital Peptide 1 Cal,Abbott Nutrition,1.0,0.040,0.037,0.13,,1.28,1.43,0.72,0.015,0.2,0.66,0.853,0.999,0.999,,0.007,0.0099,0.12,0.0017,0.0022,0.0022,0.008,0.013,0.012,0.0017,0.0036,0.408,0.0035,0.065,2024_abbott-adult-product-guide.pdf p.28,2026-07-19
Vital Peptide 1.5 Cal,Abbott Nutrition,1.5,0.068,0.055,0.18,,1.69,2.0,1.0,0.02,0.3,1.0,0.776,1.5,1.5,,0.01,0.0131,0.18,0.0021,0.003,0.003,0.01,0.015,0.018,0.0024,0.005,0.51,0.005,0.095,2024_abbott-adult-product-guide.pdf p.29,2026-07-19
Ensure Advance,Abbott Nutrition,1.489,0.08511,0.04681,0.1872,0.01277,1.102,2,1.06,0.01106,0.2809,1.068,0.681,1.596,1.596,,0.006383,0.01191,0.06383,0.001404,0.001745,0.001745,0.005532,0.04255,0.01574,0.002128,0.004681,0.434,0.001191,0.05106,2024_abbott-adult-product-guide.pdf p.7,2026-08-28
Ensure Protein Max 30 g,Abbott Nutrition,0.4545,0.09091,0.004545,0.01818,0.006061,0.4242,1.364,1.818,0.01364,0.3333,1.515,0.905,,,,0.04242,0.01667,0.1364,0.000909,0.001061,0.001364,0.003939,0.02424,0.007576,0.000667,0.001818,,0.001818,0.04242,2024_abbott-adult-product-guide.pdf p.8,2026-08-28
Ensure Compact,Abbott Nutrition,1.847,0.07627,0.05085,0.2712,,1.373,2.797,2.763,0.03814,0.3644,1.593,0.721,1.264,1.264,,0.01695,0.04195,0.3898,0.00322,0.003983,0.004576,0.01525,0.02203,0.02203,0.002712,0.006441,0.9364,0.006017,0.1186,2024_abbott-adult-product-guide.pdf p.9,2026-08-28
Ensure Regular,Abbott Nutrition,1.021,0.0383,0.02553,0.1532,0,0.8936,1.915,1.489,0.01915,0.3404,1.064,0.831,1.021,1.021,,0.02128,0.03191,0.1915,0.001404,0.00183,0.00183,0.006383,0.0234,0.01489,0.000894,0.00234,0.4255,0.002553,0.05957,2024_abbott-adult-product-guide.pdf p.10,2026-08-28
Ensure High Protein 16 g,Abbott Nutrition,0.6809,0.06809,0.008511,0.08085,0.003787,0.8681,1.979,1.379,0.00766,0.1787,0.7915,0.838,0.9489,0.9489,,0.004255,0.009362,0.05532,0.001489,0.001617,0.001404,0.005532,0.02383,0.01191,0.001106,0.003915,0.3021,0.001404,0.02298,2024_abbott-adult-product-guide.pdf p.11,2026-08-28
Ensure High Protein 12 g,Abbott Nutrition,0.9574,0.05106,0.02553,0.1319,,1.23,1.821,1.17,0.01489,0.2766,1.17,0.837,1.489,1.489,,0.005532,0.01064,0.06383,0.001362,0.00183,0.002,0.007234,0.02553,0.01702,0.002128,0.005532,0.4298,0.002085,0.05106,2024_abbott-adult-product-guide.pdf p.12,2026-08-28
Ensure Plus Calories,Abbott Nutrition,1.489,0.05532,0.04681,0.2128,0,0.8936,1.915,1.489,0.01915,0.3404,0.7447,0.762,,,,0.03404,0.03191,0.1915,0.001277,0.001489,0.001915,0.005106,0.02979,0.01489,0.000979,0.002553,0.4255,0.002553,0.05957,2024_abbott-adult-product-guide.pdf p.13,2026-08-28
Ensure Plus,Abbott Nutrition,1.511,0.05532,0.04043,0.2298,,1.068,1.962,1.281,0.01621,0.277,1.17,0.77,1.596,1.596,,0.006489,0.00766,0.06383,0.001379,0.001809,0.002085,0.007404,0.02557,0.01702,0.002128,0.005532,0.4413,0.002085,0.05532,2024_abbott-adult-product-guide.pdf p.14,2026-08-28
Ensure Clear,Abbott Nutrition,1.013,0.03376,0,0.2194,0,0.2954,0.1266,,0.01055,0.03376,0.9494,0.827,,,,0.01688,0.009494,0.1139,0.001477,0.001899,0.001688,0.003376,0.01688,0.01477,0.000591,0.000949,0.4219,0.002532,0.04219,2024_abbott-adult-product-guide.pdf p.15,2026-08-28
Boost CarbSmart,Nestlé Health Science,0.8017,0.06751,0.02954,0.07173,0.01266,0.5274,1.477,1.181,0.01055,0.2278,1.097,0.8228,0.8861,0.8861,,0.003797,0.008861,0.04473,0.001266,0.001603,0.001603,0.005485,0.02658,0.01266,0.00135,0.004008,0.4473,0.000886,0.01688,2026_nestle-product-guide.pdf p.6,2026-08-28
Boost Fruit Flavoured,Nestlé Health Science,0.7595,0.03797,0.00211,0.1519,,0.06329,0.1477,0.3333,0.009494,0.1688,0.8439,0.865,0.5734,0.5734,,0.005274,0.01082,0.1582,0.001603,0.001814,0.00211,0.005274,0.0211,0.01582,0.001055,0.00211,0.3586,0.006329,,2026_nestle-product-guide.pdf p.7,2026-08-28
Boost High Protein,Nestlé Health Science,1.013,0.06329,0.0211,0.1435,,1.055,1.899,1.561,0.01899,0.3797,1.266,0.8312,1.899,1.899,,0.006329,0.01055,0.06329,0.001603,0.00211,0.001743,0.005907,0.03376,0.01688,0.002532,0.005063,0.5612,0.001097,0.05063,2026_nestle-product-guide.pdf p.8,2026-08-28
Boost Original,Nestlé Health Science,0.9705,0.04219,0.02532,0.1435,,1.118,1.73,1.3,0.01477,0.3797,1.118,0.8439,1.27,1.27,,0.006329,0.01055,0.06329,0.001392,0.001814,0.001751,0.005907,0.02954,0.01713,0.002532,0.004641,0.4515,0.001097,0.04641,2026_nestle-product-guide.pdf p.10,2026-08-28
Boost Plus Calories,Nestlé Health Science,1.519,0.05907,0.05907,0.1899,0.01266,0.8439,1.519,1.477,0.01899,0.4219,1.266,0.7722,1.266,0.6329,1.266,0.008439,0.05696,0.2532,0.001603,0.001814,0.002954,0.01055,0.0211,0.01899,0.00211,0.002954,0.8608,0.008861,0.07595,2026_nestle-product-guide.pdf p.11,2026-08-28
Boost Protein+,Nestlé Health Science,0.8308,0.08308,0.02462,0.06769,0.006154,0.8154,2.154,1.385,0.01015,0.3077,1.231,0.8615,1.077,1.077,,0.003846,0.009908,0.06154,0.001077,0.001538,0.001385,0.004,0.02031,0.01231,0.001692,0.003077,0.3591,0.000923,0.04615,2026_nestle-product-guide.pdf p.13,2026-08-28
Boost Soothe,Nestlé Health Science,1.266,0.04219,0,0.2743,,0,,,,,,0.7848,,,,,,,,,,,,,,,,,,2026_nestle-product-guide.pdf p.15,2026-08-28
Boost 1.5,Nestlé Health Science,1.519,0.05485,0.04641,0.2194,,1.308,1.941,1.266,0.01899,0.4219,1.055,0.7595,1.351,1.351,,0.01055,0.01424,0.1519,0.002532,0.002869,0.003376,0.01055,0.03376,0.02532,0.00211,0.00211,0.7173,0.01013,0.07595,2026_nestle-product-guide.pdf p.16,2026-08-28
Boost 2.24,Nestlé Health Science,2.236,0.09283,0.1097,0.2194,,1.181,1.772,1.055,0.02658,0.3376,1.055,0.6709,2.19,2.19,,0.05063,0.02089,0.2532,0.00211,0.002532,0.003376,0.01055,0.03376,0.02321,0.002236,0.004641,0.8608,0.005063,0.1181,2026_nestle-product-guide.pdf p.17,2026-08-28
